Date,Adj Close,Close,High,Low,Open,Volume
,MRF.BO,MRF.BO,MRF.BO,MRF.BO,MRF.BO,MRF.BO
2021-01-01,75513.6171875,76038.3515625,76251.796875,75629.1484375,76171.5,534
2021-01-04,77875.0703125,78416.203125,78859.453125,75900.046875,76580.0,2114
2021-01-05,78481.890625,79027.25,79250.0,77677.296875,77777.0,1659
2021-01-06,78239.71875,78783.3984375,79799.0,77675.453125,79283.8515625,1236
2021-01-07,76831.0078125,77364.8984375,79550.046875,77050.0,79550.046875,887
2021-01-08,80099.9921875,80656.6015625,81350.0,77570.953125,77570.953125,2502
2021-01-11,81938.78125,82508.1484375,82959.953125,80527.296875,80800.0,3562
2021-01-12,85150.5703125,85742.25,86999.953125,81777.0,83390.0,3950
2021-01-13,85040.3515625,85631.296875,87575.0,85265.6484375,86201.0,2058
2021-01-14,88176.28125,88789.0,89900.0,85800.1015625,86550.0,1496
2021-01-15,86958.8359375,87563.1015625,89896.1015625,86404.796875,89310.0,2075
2021-01-18,85237.3515625,85829.6484375,88000.0,85116.546875,88000.0,3464
2021-01-19,86691.0,87293.3984375,87968.5,86000.046875,86000.046875,1395
2021-01-20,92281.734375,92923.0,94034.703125,87616.6484375,87880.0,2936
2021-01-21,91056.609375,91689.3515625,96456.296875,90639.203125,93500.0,5511
2021-01-22,91675.4296875,92312.453125,94290.453125,91386.453125,92200.0,3725
2021-01-25,89003.5703125,89622.046875,93945.6484375,89152.203125,93250.0,2675
2021-01-27,87883.2734375,88493.953125,90160.1484375,87500.0,89700.0,1882
2021-01-28,86943.203125,87547.3515625,89358.0,87179.1015625,88400.0,1667
2021-01-29,83711.8515625,84293.546875,89406.3984375,83458.203125,88100.0,2773
2021-02-01,87592.125,88200.796875,88713.0,83941.0,85435.203125,2886
2021-02-02,90163.4765625,90790.0,91949.75,89002.703125,89322.0,2919
2021-02-03,89408.90625,90030.203125,92990.0,89460.6015625,92990.0,2842
2021-02-04,91606.140625,92242.703125,93768.1015625,90136.0,91340.0,2800
2021-02-05,90072.796875,90698.703125,93599.953125,90301.0,93499.8984375,2251
2021-02-08,90183.4453125,90810.1015625,92599.8984375,89975.0,91999.0,2223
2021-02-09,93104.28125,93751.25,94545.8515625,90400.296875,91384.0,2959
2021-02-10,96338.578125,97008.0,97921.703125,92785.3515625,93979.953125,3919
2021-02-11,89455.203125,90076.796875,98575.8984375,89150.0,96502.0,7487
2021-02-12,90583.6953125,91213.1484375,93482.546875,90076.6484375,91990.0,5157
2021-02-15,89818.875,90443.0,92700.0,89884.953125,92700.0,2700
2021-02-16,88888.734375,89506.3984375,91609.0,89077.0,91000.0,3671
2021-02-17,88201.625,88811.546875,90558.75,87224.25,90490.0,2668
2021-02-18,88297.78125,88908.3515625,90300.0,88500.0,90300.0,2609
2021-02-19,87495.40625,88100.453125,89346.203125,86985.8984375,88499.953125,2243
2021-02-22,86397.609375,86995.046875,88790.1484375,86272.453125,88400.0,1990
2021-02-23,86915.875,87516.8984375,88000.0,85858.796875,87400.0,2427
2021-02-24,87111.96875,87714.3515625,94000.0,85020.0,88000.0,5442
2021-02-25,87071.0546875,87673.1484375,88677.0,87449.75,88300.0,949
2021-02-26,83890.1796875,84470.296875,87347.0,83786.0,87347.0,2494
2021-03-01,88465.953125,89077.703125,89798.3515625,85269.5,85500.0,2582
2021-03-02,89113.2890625,89729.5,90300.0,88500.0,90000.0,2472
2021-03-03,88465.7109375,89077.453125,89852.0,88579.953125,89300.0,1333
2021-03-04,89133.8515625,89750.203125,90774.0,85756.203125,88510.0,1722
2021-03-05,88016.6640625,88625.296875,89700.0,88010.1484375,89700.0,1319
2021-03-08,87003.0703125,87604.703125,89403.3515625,87303.296875,88700.0,1115
2021-03-09,88430.734375,89042.25,89450.0,88000.1484375,88050.0,1631
2021-03-10,88083.84375,88692.953125,89780.5,88481.0,89500.0,720
2021-03-12,88220.2421875,88830.296875,90245.0,88151.1484375,89000.0,2533
2021-03-15,86970.6328125,87572.046875,89477.75,87020.75,88968.703125,1256
2021-03-16,86232.546875,86828.8515625,88600.0,86480.203125,88600.0,1328
2021-03-17,84954.1328125,85541.6015625,87329.0,85262.3984375,87000.0,1316
2021-03-18,82616.0625,83187.3515625,86388.6015625,83049.203125,86100.0,1491
2021-03-19,83969.6015625,84550.25,84900.0,80648.296875,83286.953125,1768
2021-03-22,83195.25,83770.546875,85394.3984375,82406.953125,84000.0,1321
2021-03-23,84037.7265625,84618.8515625,84978.1015625,83605.796875,84000.0,987
2021-03-24,81697.515625,82262.453125,84378.796875,81900.046875,83910.0,1173
2021-03-25,81152.28125,81713.453125,82993.703125,80638.1015625,82400.953125,1695
2021-03-26,81468.3984375,82031.75,82804.3984375,81800.046875,82150.0,1077
2021-03-30,82647.484375,83219.0,84000.0,81302.0,82201.0,1176
2021-03-31,81654.0625,82218.703125,83464.796875,82000.0,83439.953125,896
2021-04-01,82601.03125,83172.203125,83442.8515625,82200.046875,82864.453125,628
2021-04-05,80976.4921875,81536.453125,83317.0,81278.296875,82500.046875,1103
2021-04-06,81665.921875,82230.6484375,82700.0,81238.6484375,82700.0,942
2021-04-07,83126.1796875,83701.0,84075.8515625,81550.0,82000.0,662
2021-04-08,82537.0078125,83107.75,84499.953125,82500.0,84199.8984375,2087
2021-04-09,81321.7578125,81884.1015625,83621.1484375,81500.0,82547.046875,1056
2021-04-12,78809.6328125,79354.6015625,81500.0,78990.0,81500.0,995
2021-04-13,82130.3515625,82698.296875,83000.0,79000.0,79300.0,1312
2021-04-15,80523.6796875,81080.5,82435.953125,79400.0,81800.0,1029
2021-04-16,80767.9765625,81326.5,81950.0,80985.046875,81223.703125,886
2021-04-19,78746.609375,79291.1484375,80199.8515625,78776.0,80100.0,941
2021-04-20,78817.8203125,79362.8515625,80618.25,78657.453125,80500.0,1342
2021-04-22,77794.2109375,78332.1484375,79200.8515625,77656.6015625,79050.0,893
2021-04-23,77717.125,78254.546875,78841.25,77900.0,78390.0,760
2021-04-26,77333.640625,77868.3984375,79200.0,77530.0,78599.75,742
2021-04-27,77500.671875,78036.6015625,78400.0,77668.203125,78038.296875,605
2021-04-28,77556.9921875,78093.296875,79250.0,77870.8515625,78040.1015625,1056
2021-04-29,77178.921875,77712.6015625,79000.0,77502.8515625,79000.0,1029
2021-04-30,80167.1015625,80721.453125,81700.0,77151.796875,77800.0,3198
2021-05-03,79323.1640625,79871.703125,81105.953125,79200.0,80101.1015625,934
2021-05-04,78107.96875,78648.1015625,80808.8984375,78391.1015625,80720.8984375,1093
2021-05-05,77704.2734375,78241.6015625,79337.046875,77500.296875,79150.0,924
2021-05-06,77385.8359375,77920.953125,79109.75,77747.1484375,78000.1015625,831
2021-05-07,76933.0546875,77465.046875,78700.0,77245.0,78499.703125,1084
2021-05-10,77861.8125,78400.25,78710.0,77550.0,77650.0,1369
2021-05-11,78089.3984375,78629.3984375,79533.6484375,77526.0,78300.0,1243
2021-05-12,76802.6953125,77333.796875,79159.0,77022.046875,78105.0,1505
2021-05-14,75638.75,76161.796875,77777.0,76000.0,77724.953125,1857
2021-05-17,77661.921875,78198.953125,78386.796875,76001.046875,76827.75,1610
2021-05-18,78696.9453125,79241.1484375,79956.296875,78466.203125,79100.0,977
2021-05-19,79098.671875,79645.6484375,79966.703125,78350.203125,79306.0,761
2021-05-20,80874.9921875,81434.25,82443.546875,79286.1484375,79850.453125,1433
2021-05-21,81628.234375,82192.703125,82400.0,81100.0,81100.0,1827
2021-05-24,82015.359375,82582.5,83252.0,82000.8984375,82047.046875,1217
2021-05-25,81614.96875,82179.3515625,83060.296875,81825.6015625,82949.953125,942
2021-05-26,81070.2421875,81630.8515625,82782.3984375,81412.6015625,82774.953125,648
2021-05-27,82262.5390625,82831.3984375,83188.6484375,81332.0,81693.0,1085
2021-05-28,82776.5859375,83349.0,83600.0,82714.046875,82714.046875,653
2021-05-31,83058.1015625,83632.453125,83939.453125,83000.203125,83174.6484375,458
2021-06-01,82635.6796875,83207.1015625,84681.0,82780.453125,83927.8515625,717
2021-06-02,83812.03125,84391.6015625,84720.046875,83000.0,83649.953125,806
2021-06-03,83879.2578125,84459.296875,85099.5,83869.703125,84750.5,486
2021-06-04,84346.234375,84929.5,85321.296875,84293.6015625,85255.8515625,421
2021-06-07,81825.90625,82391.75,87243.046875,82000.0,85070.046875,4660
2021-06-08,80792.8203125,81351.5,83099.953125,81200.0,83099.953125,1066
2021-06-09,79662.984375,80213.8515625,81896.546875,80001.0,81416.203125,1284
2021-06-10,81627.03125,82191.5,82318.0,80023.6484375,81290.0,882
2021-06-11,81579.40625,82143.546875,82852.546875,81358.25,82500.0,1162
2021-06-14,81929.59375,82496.1484375,83000.0,81325.8515625,82000.0,496
2021-06-15,82279.625,82848.6015625,83300.8984375,81923.0,82500.0,6745
2021-06-16,81957.265625,82524.0,83140.75,82414.0,82989.953125,329
2021-06-17,82113.6328125,82681.453125,83300.0,81813.203125,82300.0,440
2021-06-18,82124.140625,82692.046875,83078.8515625,80501.3515625,82681.453125,1499
2021-06-21,81199.84375,81761.3515625,82200.0,81000.0,81000.0,480
2021-06-22,81242.109375,81803.8984375,82394.0,81502.3515625,82250.0,384
2021-06-23,81410.9921875,81973.953125,82450.0,81802.6484375,82050.0,6189
2021-06-24,80415.6640625,80971.75,82153.8515625,80610.6484375,81890.0,809
2021-06-25,79962.296875,80515.25,81330.046875,80379.953125,81101.046875,469
2021-06-28,79991.6015625,80544.75,81050.0,79917.296875,80998.953125,808
2021-06-29,79653.2421875,80204.046875,80793.703125,79547.0,80493.546875,695
2021-06-30,79507.6015625,80057.3984375,80656.0,79821.25,80205.0,581
2021-07-01,80431.3046875,80987.5,81449.703125,80191.8984375,80375.546875,271
2021-07-02,80593.6484375,81150.953125,81499.953125,80590.046875,81000.0,277
2021-07-05,80301.953125,80857.25,81755.1484375,80610.1484375,81200.0,450
2021-07-06,79872.7265625,80425.046875,81300.0,80321.0,80950.1484375,406
2021-07-07,80195.0,80749.546875,81300.0,80441.5,80450.046875,449
2021-07-08,79867.2578125,80419.546875,81267.953125,80117.8515625,81200.0,261
2021-07-09,79430.9921875,79980.25,80663.1015625,79865.0,80455.8515625,806
2021-07-12,79640.7265625,80191.453125,80567.796875,79901.046875,79991.0,1029
2021-07-13,82563.9140625,83134.8515625,83400.0,80124.203125,80378.8515625,2795
2021-07-14,82231.46875,82800.1015625,83321.296875,82328.6484375,83000.6484375,860
2021-07-15,80966.59375,81526.5,83200.1015625,81137.8515625,82999.796875,426
2021-07-16,81818.453125,82384.25,82600.0,81374.703125,82107.0,610
2021-07-19,81657.734375,82222.3984375,82900.0,81720.1484375,81990.0,1018
2021-07-20,81056.7578125,81617.25,82693.1484375,81383.8515625,82250.0,291
2021-07-22,80971.4140625,81531.3515625,82402.6015625,81295.203125,82210.1015625,257
2021-07-23,80584.6640625,81141.8984375,82453.1015625,81000.0,82453.1015625,156
2021-07-26,80320.5859375,80876.0,81560.046875,80746.8515625,81160.796875,211
2021-07-27,79590.828125,80141.203125,81384.046875,79986.6484375,81288.546875,389
2021-07-28,79380.6796875,79929.6015625,80529.703125,79200.1484375,80354.8515625,484
2021-07-29,79113.734375,79660.796875,80250.0,79500.0,79800.0,403
2021-07-30,79362.953125,79911.75,81116.203125,79702.046875,80148.1015625,403
2021-08-02,79847.0625,80399.203125,81300.0,80188.296875,80874.953125,576
2021-08-03,80460.9453125,81017.3515625,81135.796875,80560.0,80650.0,331
2021-08-04,80058.8671875,80469.203125,81548.25,80242.453125,81408.3984375,385
2021-08-05,79343.7890625,79750.453125,80900.0,79501.0,80899.703125,433
2021-08-06,78756.3984375,79160.046875,80126.796875,79013.953125,79940.0,670
2021-08-09,79605.8984375,80013.8984375,82600.0,79146.1015625,79600.0,3641
2021-08-10,78428.0390625,78830.0,80931.1484375,78250.0,80200.0,1091
2021-08-11,77191.265625,77586.8984375,79868.0,77369.703125,78850.1015625,1130
2021-08-12,77813.7265625,78212.546875,78700.8515625,77610.0,78289.8515625,577
2021-08-13,78416.6875,78818.6015625,79200.0,78600.0,78600.0,465
2021-08-16,78256.0546875,78657.1484375,79500.0,78191.8984375,79500.0,395
2021-08-17,78310.4296875,78711.796875,79149.953125,77900.25,78309.296875,407
2021-08-18,78948.96875,79353.6015625,79499.0,78921.0,79198.6484375,310
2021-08-20,77715.6796875,78114.0,79278.046875,77810.0,79278.046875,465
2021-08-23,75794.7265625,76183.203125,79000.0,75975.0,79000.0,1271
2021-08-24,76760.2734375,77153.703125,77396.046875,76052.5,76200.0,596
2021-08-25,76673.40625,77066.3984375,77999.796875,76729.3515625,77694.453125,533
2021-08-26,76153.484375,76543.796875,77449.953125,76330.046875,77449.953125,462
2021-08-27,76536.6171875,76928.8984375,77319.8984375,76534.5,77199.0,368
2021-08-30,77808.2578125,78207.046875,78365.703125,77546.0,77546.0,443
2021-08-31,79309.8125,79716.296875,79900.0,78256.8984375,78511.1484375,1209
2021-09-01,79559.4296875,79967.203125,80548.25,79300.0,80300.0,312
2021-09-02,80836.2265625,81250.546875,81800.0,80107.0,80549.8984375,1132
2021-09-03,81948.4296875,82368.453125,82595.0,81444.046875,81701.6484375,500
2021-09-06,81044.015625,81459.3984375,83192.3515625,81236.8984375,82400.0,498
2021-09-07,80646.9140625,81060.25,82272.5,80995.703125,81761.75,652
2021-09-08,79778.3984375,80187.296875,81680.0,79835.0,81680.0,325
2021-09-09,79484.2578125,79891.6484375,81409.796875,79749.1015625,80608.0,1447
2021-09-13,79751.84375,80160.6015625,80400.0,79217.6015625,79700.0,415
2021-09-14,79993.359375,80403.3515625,80803.546875,80125.6484375,80299.0,358
2021-09-15,79829.9375,80239.1015625,80933.796875,80160.0,80898.796875,210
2021-09-16,79536.6875,79944.3515625,80522.25,79833.3984375,80495.796875,381
2021-09-17,78982.578125,79387.3984375,80300.0,78900.8515625,80299.953125,443
2021-09-20,78470.421875,78872.6015625,79870.6015625,78630.3515625,78776.1484375,225
2021-09-21,78037.7890625,78437.75,79043.8984375,78100.0,79000.0,645
2021-09-22,79610.578125,80018.6015625,80549.8984375,78200.046875,78200.046875,880
2021-09-23,79754.4296875,80163.203125,81008.046875,80000.0,80120.0,2557
2021-09-24,79058.3359375,79463.546875,80694.8984375,79044.0,80200.0,328
2021-09-27,81381.640625,81798.75,81988.953125,79111.0,79878.453125,1623
2021-09-28,80140.7578125,80551.5,81980.0,79800.046875,81980.0,624
2021-09-29,78676.5078125,79079.75,80433.296875,78868.1484375,80411.0,624
2021-09-30,78963.0,79367.703125,79600.3984375,78700.0,79600.0,486
2021-10-01,78787.5234375,79191.3515625,79336.296875,78507.6015625,79009.0,1369
2021-10-04,79373.0859375,79779.8984375,80519.953125,79048.6015625,79110.0,737
2021-10-05,79010.53125,79415.5,80050.0,79205.1484375,79950.0,209
2021-10-06,78314.5546875,78715.953125,79850.0,78525.046875,79761.3984375,584
2021-10-07,80778.734375,81192.75,81400.0,78895.3984375,79100.0,2098
2021-10-08,85355.9765625,85793.453125,86244.25,81409.5,81409.5,1534
2021-10-11,84459.3125,84892.203125,87579.8515625,84757.25,86250.0,2737
2021-10-12,85198.46875,85635.1484375,86178.0,84461.3515625,85600.0,399
2021-10-13,85681.7109375,86120.8515625,86700.0,85403.953125,85850.0,889
2021-10-14,84739.1796875,85173.5,86859.5,84964.75,86250.0,621
2021-10-18,83858.4375,84288.25,86850.0,84000.0,85500.0,2771
2021-10-19,82654.46875,83078.1015625,85097.953125,82634.046875,84300.0,363
2021-10-20,82106.7109375,82527.546875,83749.0,81001.0,83237.5,2675
2021-10-21,80686.9375,81100.5,83356.0,80946.046875,83356.0,1179
2021-10-22,80265.2578125,80676.6484375,82210.203125,80190.0,81299.1015625,471
2021-10-25,78969.25,79374.0,81638.5,79225.453125,81638.5,608
2021-10-26,79647.0859375,80055.296875,80485.1015625,79310.0,79310.0,219
2021-10-27,79048.7890625,79453.953125,80583.5,79200.0,80400.0,297
2021-10-28,77257.625,77653.6015625,79692.0,77300.0,79499.953125,1012
2021-10-29,76959.3984375,77353.8515625,78449.8984375,76640.203125,77653.6015625,509
2021-11-01,78279.4453125,78680.6484375,78943.5,77235.8984375,78203.5,582
2021-11-02,78189.6328125,78590.3984375,79277.6015625,78350.1015625,78799.0,151
2021-11-03,77672.046875,78070.1484375,78981.75,77815.0,78874.1015625,362
2021-11-04,78001.109375,78400.8984375,78673.3984375,78151.1015625,78340.0,97
2021-11-08,79448.0,79855.203125,80200.0,78568.1015625,78859.046875,236
2021-11-09,78119.265625,78519.6484375,80439.796875,78050.0,80150.0,579
2021-11-10,77819.5390625,78218.3984375,78943.8515625,78000.0,78824.953125,365
2021-11-11,76807.578125,77201.25,78800.0,76905.0,78800.0,982
2021-11-12,77795.3359375,78194.046875,78299.953125,77300.0,77725.0,290
2021-11-15,78058.1875,78458.25,78879.6484375,77711.953125,78700.0,797
2021-11-16,78059.140625,78459.203125,79448.1484375,78190.796875,78863.953125,312
2021-11-17,78939.34375,79340.8984375,79450.0,78594.546875,78850.0,622
2021-11-18,77140.34375,77532.75,79998.5,77310.0,79500.0,394
2021-11-22,75281.3515625,75664.296875,77989.953125,75040.1015625,77600.0,973
2021-11-23,76081.7734375,76468.796875,76789.546875,75075.203125,75949.0,1220
2021-11-24,76077.90625,76464.8984375,77448.953125,76089.0,76790.0,304
2021-11-25,75275.5390625,75658.453125,76646.3984375,75265.6484375,76599.0,361
2021-11-26,74790.6484375,75171.1015625,75830.0,74555.046875,75830.0,517
2021-11-29,73428.828125,73802.3515625,75100.0,73111.0,75100.0,332
2021-11-30,74635.9921875,75015.6484375,75999.796875,73690.0,73690.0,501
2021-12-01,73412.109375,73785.546875,75323.1484375,73550.0,75000.1015625,508
2021-12-02,73521.7890625,73895.796875,74299.0,73250.0,74299.0,603
2021-12-03,73564.4296875,73938.6484375,74700.0,73772.25,74237.453125,531
2021-12-06,72889.96875,73260.75,74056.203125,73000.0,73801.0,483
2021-12-07,73220.8828125,73593.3515625,73882.0,73300.046875,73300.046875,218
2021-12-08,74286.71875,74664.6015625,75199.0,73800.0,73800.0,282
2021-12-09,74266.4140625,74644.203125,75339.203125,74150.0,75080.0,285
2021-12-10,73894.7421875,74270.6484375,74950.0,74012.1484375,74668.546875,285
2021-12-13,73446.1328125,73819.75,75100.0,73650.796875,74500.0,487
2021-12-14,73680.1953125,74055.0,74199.796875,73280.046875,73280.046875,220
2021-12-15,73577.21875,73951.5,74500.0,73820.0,74189.953125,174
2021-12-16,72964.0390625,73335.203125,74382.0,73165.0,74337.296875,244
2021-12-17,72192.7578125,72560.0,73780.0,72102.3515625,73780.0,532
2021-12-20,69619.5625,69973.703125,72599.0,68719.8984375,72599.0,1418
2021-12-21,70097.96875,70454.546875,71157.6015625,69954.8515625,70840.0,540
2021-12-22,70178.6015625,70535.6015625,71280.203125,70320.1484375,70550.0,298
2021-12-23,70681.0546875,71040.6015625,71400.3984375,70750.046875,71079.953125,217
2021-12-24,69701.4375,70056.0,71392.1015625,69930.0,71350.0,497
2021-12-27,70113.046875,70469.703125,70692.1015625,69300.0,70091.3984375,391
2021-12-28,71216.78125,71579.046875,71994.796875,70683.1484375,70750.0,219
2021-12-29,72202.2109375,72569.5,72678.8515625,71197.1015625,71197.1015625,279
2021-12-30,71774.8515625,72139.953125,72782.8984375,71889.8984375,72782.8984375,202
2021-12-31,72922.6015625,73293.546875,73699.953125,72224.6015625,72394.0,476
2022-01-03,73002.6484375,73374.0,73943.1015625,73089.1015625,73500.0,198
2022-01-04,73554.828125,73929.0,73998.0,73351.0,73937.953125,490
2022-01-05,73655.46875,74030.1484375,74400.0,73774.75,74100.0,153
2022-01-06,73758.4453125,74133.6484375,74385.25,73209.8984375,74150.0,169
2022-01-07,73811.2890625,74186.75,74633.5,73560.8984375,74449.953125,153
2022-01-10,73912.359375,74288.3515625,74950.0,74136.75,74439.046875,191
2022-01-11,73897.4296875,74273.3515625,74469.8984375,73900.1015625,74424.953125,333
2022-01-12,74873.234375,75254.1015625,75484.8515625,74315.0,74425.0,211
2022-01-13,75590.625,75975.1484375,76380.5,74987.796875,75533.3515625,422
2022-01-14,75744.9921875,76130.296875,76250.0,75351.203125,75790.546875,219
2022-01-17,76464.421875,76853.3984375,77193.6015625,75857.8515625,75857.8515625,249
2022-01-18,75939.40625,76325.703125,77255.75,76132.546875,76810.0,455
2022-01-19,76159.640625,76547.046875,76724.0,75565.1015625,76224.0,274
2022-01-20,73413.8515625,73787.296875,75966.046875,73539.6484375,75898.1015625,910
2022-01-21,72359.7734375,72727.8515625,74700.0,72006.25,73481.953125,802
2022-01-24,70743.390625,71103.25,72850.0,70007.0,72850.0,749
2022-01-25,70220.0,70577.203125,72299.796875,69900.0,71339.6484375,820
2022-01-27,70351.0859375,70708.953125,71000.0,69500.0,70500.0,663
2022-01-28,71024.1484375,71385.453125,72819.8984375,71030.0,71030.0,264
2022-01-31,71816.171875,72181.5,72460.0,71348.703125,71985.453125,341
2022-02-01,71144.9921875,71506.8984375,72746.953125,71288.75,72746.953125,444
2022-02-02,71159.578125,71521.546875,72679.1015625,71234.0,71899.953125,237
2022-02-03,70634.09375,70993.3984375,71931.046875,70010.0,70499.953125,785
2022-02-04,69697.703125,70052.25,71403.5,69850.0,71000.0,696
2022-02-07,68556.8515625,68905.6015625,70269.1015625,68634.796875,70191.0,979
2022-02-08,69196.8046875,69548.796875,69886.75,68500.0,69010.1015625,644
2022-02-09,70049.265625,70405.6015625,70500.0,69530.1484375,70046.953125,440
2022-02-10,69432.1015625,69785.296875,70899.953125,69520.1015625,70500.0,249
2022-02-11,67920.1328125,68265.6484375,69600.0,68100.0,69125.0,809
2022-02-15,66334.8125,66672.25,66990.75,65005.1484375,66120.0,885
2022-02-16,65776.203125,66110.796875,67646.953125,66001.203125,67646.953125,408
2022-02-17,65319.0078125,65648.296875,66678.203125,65500.0,66100.0,316
2022-02-18,65283.3828125,65612.5,66200.0,65329.1015625,65477.0,393
2022-02-21,64428.0,64752.80078125,65469.94921875,64600.0,65210.1484375,342
2022-02-22,65448.953125,65778.8984375,65972.3984375,63000.05078125,63400.0,908
2022-02-23,65482.73828125,65812.8515625,66853.0,65650.25,66299.953125,439
2022-02-24,63686.73828125,64007.80078125,65227.6484375,62944.5,63500.0,1361
2022-02-25,65182.64453125,65511.25,65782.3515625,64007.80078125,64007.80078125,748
2022-02-28,65386.1640625,65715.796875,66289.6015625,64500.0,65700.0,345
2022-03-02,65869.46875,66201.546875,66600.046875,65307.94921875,65880.0,295
2022-03-03,65756.765625,66088.25,66999.8984375,65800.0,66608.8984375,278
2022-03-04,65682.5703125,66013.703125,66163.8984375,65000.0,65500.05078125,385
2022-03-07,65783.4140625,66115.046875,66440.25,63800.05078125,64500.0,1097
2022-03-08,66007.5234375,66340.296875,66627.25,65800.0,66120.0,222
2022-03-09,65755.8671875,66087.3515625,66940.8984375,65957.8984375,66564.203125,278
2022-03-10,66527.359375,66862.75,67464.6484375,66504.0,66850.0,330
2022-03-11,67578.515625,67919.203125,68000.0,66410.203125,66980.0,202
2022-03-14,67895.0625,68237.3515625,68458.8515625,67412.1015625,68100.0,368
2022-03-15,67766.03125,68107.6484375,68958.953125,67718.6484375,68238.8515625,323
2022-03-16,68000.59375,68343.3984375,68800.0,68145.1015625,68310.0,282
2022-03-17,68639.96875,68986.0,69898.046875,68620.0,68634.953125,345
2022-03-21,66674.71875,67010.8515625,69922.6015625,66650.25,69479.8515625,654
2022-03-22,66791.78125,67128.5,67399.0,65965.796875,67399.0,597
2022-03-23,66498.359375,66833.6015625,67724.0,66619.0,67399.953125,344
2022-03-24,66449.109375,66784.1015625,67400.0,66446.046875,66741.3984375,172
2022-03-25,66152.109375,66485.6015625,67151.1484375,66005.0,66989.953125,293
2022-03-28,65394.4296875,65724.1015625,67300.0,64974.0,67300.0,526
2022-03-29,64998.2265625,65325.8984375,66850.0,65100.0,65600.0,597
2022-03-30,65056.4765625,65384.44921875,65925.8984375,65144.80078125,65450.1484375,688
2022-03-31,64647.4453125,64973.3515625,65800.0,64661.5,65384.44921875,852
2022-04-01,66027.4921875,66360.3515625,66600.0,65085.5,65313.94921875,250
2022-04-04,66653.9453125,66989.953125,67200.0,66682.203125,67000.0,299
2022-04-05,67292.9609375,67632.203125,68127.0,67300.0,67499.8984375,275
2022-04-06,67256.9765625,67596.046875,67946.953125,67200.203125,67946.953125,134
2022-04-07,66859.2890625,67196.3515625,68050.546875,67000.0,67984.953125,138
2022-04-08,67423.2421875,67763.1484375,68100.0,66800.0,67574.953125,436
2022-04-11,67398.3203125,67738.1015625,68027.75,67611.296875,67761.0,116
2022-04-12,67202.7578125,67541.546875,67951.6015625,66607.3515625,67606.1484375,236
2022-04-13,67120.234375,67458.6015625,68140.0,67046.1015625,68140.0,148
2022-04-18,66650.6015625,66986.6015625,67461.0,66090.5,67001.046875,249
2022-04-19,65861.015625,66193.046875,67751.5,65800.0,67079.0,377
2022-04-20,67394.6328125,67734.3984375,68201.703125,66639.046875,66765.0,272
2022-04-21,69331.078125,69680.6015625,70081.6015625,67880.0,67880.0,856
2022-04-22,68785.625,69132.3984375,69430.3984375,68519.3515625,69400.0,226
2022-04-25,68763.3359375,69110.0,69450.0,68280.0,68280.0,144
2022-04-26,70913.7578125,71271.25,71438.546875,69486.8515625,69574.8984375,493
2022-04-27,71823.171875,72185.25,72590.0,70250.0,70800.0,482
2022-04-28,72003.109375,72366.1015625,72544.6015625,71023.453125,72500.0,416
2022-04-29,72324.0,72688.6015625,73317.5,71800.0,72264.703125,591
2022-05-04,71454.9296875,71815.1484375,73000.3984375,71232.453125,72750.0,5596
2022-05-05,70768.03125,71124.796875,72714.453125,70950.0,72599.953125,147
2022-05-06,69714.0390625,70065.5,70952.0,69351.046875,70952.0,241
2022-05-09,68235.3515625,68579.3515625,69774.953125,68361.0,69500.0,318
2022-05-10,68329.484375,68673.953125,70895.953125,67321.1484375,68560.0,699
2022-05-11,67777.8671875,68119.546875,69233.5,67885.046875,68100.0,287
2022-05-12,67246.140625,67585.1484375,68070.0,66685.1015625,68070.0,403
2022-05-13,71639.1328125,72000.296875,73141.75,67600.0,67600.0,1083
2022-05-16,72223.640625,72587.75,73200.0,70590.1484375,72000.0,395
2022-05-17,73612.140625,73983.25,74200.0,72560.203125,72600.0,754
2022-05-18,74201.0703125,74575.1484375,74735.0,73793.546875,74000.0,404
2022-05-19,73119.4765625,73488.1015625,74216.5,73000.546875,73000.546875,156
2022-05-20,73696.0859375,74067.6015625,74648.203125,73275.1484375,73750.0,624
2022-05-23,72998.140625,73366.1484375,75075.3984375,73102.6015625,74767.6015625,198
2022-05-24,73964.2734375,74337.1484375,74649.703125,73138.296875,74649.703125,301
2022-05-25,74442.8046875,74818.1015625,75372.3515625,73554.8984375,74569.3515625,173
2022-05-26,74675.140625,75051.6015625,75285.453125,73674.453125,74975.0,257
2022-05-27,74304.5546875,74679.1484375,75649.953125,74300.0,75500.0,167
2022-05-30,74970.2578125,75348.203125,75750.0,75032.8984375,75300.0,287
2022-05-31,77267.3203125,77656.8515625,78138.5,75350.0,75350.0,350
2022-06-01,75908.8203125,76291.5,77500.0,76001.0,77184.6015625,395
2022-06-02,75486.0546875,75866.6015625,76800.0,75000.0,76800.0,236
2022-06-03,76126.375,76510.1484375,76872.8984375,76118.296875,76349.953125,261
2022-06-06,74363.265625,74738.1484375,76650.0,74556.796875,76465.0,255
2022-06-07,71260.1484375,71619.3984375,74499.953125,71400.0,74499.953125,539
2022-06-08,70212.4296875,70566.3984375,72249.5,70269.703125,72230.296875,423
2022-06-09,70001.203125,70354.1015625,70752.3984375,70008.1015625,70440.0,246
2022-06-10,69576.046875,69926.796875,70554.8515625,69770.0,70200.0,188
2022-06-13,68217.34375,68561.25,69483.0,68300.0,69483.0,240
2022-06-14,67835.6171875,68177.6015625,69400.0,67500.0,67500.0,261
2022-06-15,68098.8984375,68442.203125,69441.203125,68177.6015625,68177.6015625,131
2022-06-16,66879.3046875,67216.453125,69274.8984375,67001.046875,69000.0,374
2022-06-17,67543.390625,67883.8984375,69008.8515625,65900.046875,67237.8984375,552
2022-06-20,66364.59375,66699.1484375,68500.0,66500.0,68380.0,205
2022-06-21,67747.3203125,68088.8515625,68285.046875,66899.953125,66899.953125,429
2022-06-22,67709.2109375,68050.546875,68128.3515625,67355.0,67460.0,119
2022-06-23,68634.3984375,68980.3984375,69200.0,68013.046875,68258.546875,352
2022-06-24,70057.4140625,70410.6015625,70774.546875,68612.953125,69300.0,763
2022-06-27,70804.546875,71161.5,71986.953125,70800.0,70800.0,223
2022-06-28,71923.515625,72286.1015625,72501.0,70687.296875,71160.0,294
2022-06-29,71145.8828125,71504.546875,72058.5,71151.0,71500.0,231
2022-06-30,70379.453125,70734.25,72174.6484375,70557.6015625,71795.046875,201
2022-07-01,71818.2421875,72180.296875,72435.0,70294.25,70750.0,262
2022-07-04,71444.5859375,71804.75,72509.6015625,71747.796875,72083.453125,93
2022-07-05,70817.0859375,71174.1015625,72415.0,71096.1015625,72100.0,255
2022-07-06,72903.125,73270.6484375,73452.6484375,71559.953125,71559.953125,238
2022-07-07,74975.578125,75353.546875,75500.0,73358.1015625,73649.546875,680
2022-07-08,75612.8046875,75994.0,76400.0,75310.5,75499.0,655
2022-07-11,76019.1171875,76402.3515625,76499.0,75610.0,76044.0,177
2022-07-12,76258.90625,76643.3515625,76850.0,75139.6015625,76397.953125,411
2022-07-13,76842.671875,77230.046875,77558.203125,76825.5,76825.5,484
2022-07-14,76988.3203125,77376.453125,77872.546875,76551.1015625,77422.0,366
2022-07-15,79142.46875,79541.453125,79749.953125,77379.3984375,77379.3984375,545
2022-07-18,80163.1171875,80567.25,80990.0,79805.203125,80000.0,2816
2022-07-19,79531.546875,79932.5,80799.953125,79204.453125,80799.953125,372
2022-07-20,79247.9375,79647.453125,81000.0,79454.796875,80000.0,212
2022-07-21,79771.7421875,80173.8984375,80380.0,79560.0,79926.6484375,152
2022-07-22,79078.4921875,79477.1484375,80702.953125,79222.0,80500.0,267
2022-07-25,80307.015625,80711.8515625,81150.0,79435.25,79435.25,815
2022-07-26,79733.8828125,80135.8515625,80983.0,79898.296875,80610.046875,198
2022-07-27,80501.65625,80762.1015625,80987.8515625,79656.1015625,80445.3984375,151
2022-07-28,82722.9140625,82990.546875,83233.0,80455.8515625,80455.8515625,441
2022-07-29,83514.3125,83784.5,83957.6015625,82600.0,83600.0,447
2022-08-01,86690.03125,86970.5,87300.0,84000.0,84000.0,2923
2022-08-02,87983.84375,88268.5,88949.953125,86258.0,86965.0,1424
2022-08-03,88417.390625,88703.453125,88852.0,87181.703125,88150.0,951
2022-08-04,88391.421875,88677.3984375,89333.0,87807.296875,89250.0,354
2022-08-05,88562.265625,88848.796875,89149.75,87904.0,88888.0,263
2022-08-08,87429.390625,87712.25,89200.0,87501.0,89200.0,362
2022-08-10,83203.109375,83472.296875,87240.1015625,82615.3984375,86551.046875,1140
2022-08-11,82223.1796875,82489.203125,84500.0,82200.0,84300.0,581
2022-08-12,82981.8203125,83250.296875,84382.546875,82185.5,82185.5,429
2022-08-16,86757.171875,87037.8515625,87501.0,83250.046875,83250.046875,1785
2022-08-17,86616.375,86896.6015625,87887.796875,86390.046875,87000.0,647
2022-08-18,87304.2890625,87586.75,87971.546875,85847.25,86888.0,912
2022-08-19,86625.25,86905.5,88469.5,86500.1484375,87964.8984375,440
2022-08-22,84549.3046875,84822.8515625,86800.0,84556.1484375,85000.0,790
2022-08-23,85598.515625,85875.453125,86721.75,84000.0,84100.0,426
2022-08-24,84992.2734375,85267.25,86676.5,84842.25,85500.046875,227
2022-08-25,85162.578125,85438.1015625,86450.0,85053.0,85899.953125,284
2022-08-26,85000.1484375,85275.1484375,86537.5,85056.1015625,86000.0,180
2022-08-29,84094.8671875,84366.953125,84894.25,83704.5,84800.0,379
2022-08-30,85031.1953125,85306.296875,86200.0,84366.953125,85499.0,306
2022-09-01,84847.34375,85121.8515625,86010.3515625,84457.953125,85400.0,369
2022-09-02,84142.3671875,84414.6015625,86050.0,84159.796875,86050.0,266
2022-09-05,83921.7421875,84193.25,85146.953125,84050.796875,85146.953125,1021
2022-09-06,85018.0546875,85293.1015625,85936.296875,84430.3515625,84749.953125,803
2022-09-07,84793.015625,85067.3515625,85890.546875,84896.1484375,85150.0,441
2022-09-08,85134.21875,85409.6484375,86484.6015625,85294.3984375,85744.953125,336
2022-09-09,83917.40625,84188.8984375,85905.0,84050.796875,85900.0,321
2022-09-12,85543.890625,85820.6484375,85955.8515625,84201.25,84674.953125,303
2022-09-13,85249.1953125,85525.0,86300.0,85324.25,85810.0,186
2022-09-14,85768.8046875,86046.296875,86346.6484375,83581.0,83581.0,448
2022-09-15,92451.6796875,92750.796875,93855.0,85741.0,85800.0,2889
2022-09-16,85712.6953125,85990.0,93173.453125,85785.1015625,92222.0,2232
2022-09-19,86032.5,86310.8515625,87899.953125,84647.0,87899.953125,2884
2022-09-20,85279.8359375,85555.75,87477.953125,85105.0,87000.0,602
2022-09-21,83940.7734375,84212.3515625,86489.8984375,84000.0,86200.046875,725
2022-09-22,84247.03125,84519.6015625,85223.8984375,83421.0,84799.953125,804
2022-09-23,82333.1796875,82599.546875,85044.046875,82150.0,84800.0,672
2022-09-26,78628.125,78882.5,82500.0,78000.0,82500.0,1182
2022-09-27,79499.5859375,79756.796875,81419.703125,79447.75,79999.953125,925
2022-09-28,80164.890625,80424.25,81007.1484375,79348.5,79666.0,352
2022-09-29,79287.6328125,79544.1484375,81777.046875,78728.046875,81450.0,576
2022-09-30,81568.796875,81832.703125,82274.953125,79101.046875,80088.0,675
2022-10-03,80438.359375,80698.6015625,82200.0,80110.1015625,81888.0,546
2022-10-04,82531.03125,82798.046875,82950.703125,81135.1015625,81340.046875,667
2022-10-06,82128.09375,82393.796875,83817.796875,82110.3515625,82655.046875,820
2022-10-07,82493.453125,82760.3515625,82976.046875,81812.8515625,82543.6484375,393
2022-10-10,82053.1796875,82318.6484375,82640.0,81282.0,81949.953125,343
2022-10-11,80838.4609375,81100.0,83000.0,80880.0,82783.5,2766
2022-10-12,82237.078125,82503.1484375,82750.0,81280.296875,81799.0,422
2022-10-13,81783.8515625,82048.453125,82698.703125,81700.0,82050.6015625,257
2022-10-14,81079.46875,81341.796875,83150.0,81103.6015625,83150.0,355
2022-10-17,82032.3046875,82297.703125,82600.0,80850.0,81200.0,3784
2022-10-18,82755.6640625,83023.3984375,83300.0,82600.0,82600.0,481
2022-10-19,82899.1015625,83167.296875,84354.75,82866.1015625,83250.0,346
2022-10-20,83959.6171875,84231.25,84450.0,83007.0,83007.0,571
2022-10-21,85889.03125,86166.8984375,88119.0,84450.0,84450.0,1792
2022-10-24,85947.046875,86225.1015625,87968.1484375,85925.0,87201.0,151
2022-10-25,87052.5078125,87334.1484375,87585.0,86217.0,86888.0,2450
2022-10-27,87137.8828125,87419.796875,88272.6015625,86658.3984375,88000.0,279
2022-10-28,89030.2109375,89318.25,89500.0,87308.796875,87335.0,1107
2022-10-31,90499.8125,90792.6015625,91200.0,89480.0,89480.0,566
2022-11-01,90488.390625,90781.1484375,92000.0,90300.0,91000.0,658
2022-11-02,90259.9765625,90552.0,91472.6015625,90447.703125,91000.0,366
2022-11-03,90387.3125,90679.75,91393.1484375,90357.1484375,90514.8984375,2564
2022-11-04,90946.1640625,91240.3984375,91450.0,90587.0,90601.046875,377
2022-11-07,94611.6015625,94917.703125,95954.3515625,91475.0,91500.0,1351
2022-11-09,86776.15625,87056.8984375,92072.8515625,86010.0,92053.25,2860
2022-11-10,87119.0390625,87400.8984375,88265.0,85208.796875,86645.0,1504
2022-11-11,85853.28125,86131.046875,88911.0,85858.0,88002.0,585
2022-11-14,85887.9296875,86165.796875,86609.953125,85250.0,86609.953125,598
2022-11-15,87324.484375,87607.0,87900.0,86585.0,86585.0,1423
2022-11-16,87393.25,87676.0,88320.546875,87088.0,87899.953125,490
2022-11-17,87628.0,87908.5,88139.546875,87195.546875,87855.296875,307
2022-11-18,87794.3359375,88075.3515625,88499.953125,87500.0,87600.0,439
2022-11-21,88886.5234375,89171.046875,89500.0,87137.8984375,88990.0,509
2022-11-22,88610.609375,88894.25,89741.6015625,88650.0,89097.203125,388
2022-11-23,88658.9140625,88942.703125,89600.0,88705.6015625,88900.0,250
2022-11-24,89001.859375,89286.75,89600.0,88768.25,89300.0,214
2022-11-25,89564.4453125,89851.1484375,90333.0,88500.0,90000.0,267
2022-11-28,91197.1328125,91489.046875,91849.953125,90170.0,90188.796875,344
2022-11-29,92261.5703125,92556.8984375,92750.0,91200.0,91200.0,349
2022-11-30,93257.4921875,93556.0,94000.0,92283.046875,92600.0,307
2022-12-01,94114.4453125,94415.703125,95100.0,93320.1484375,93600.0,450
2022-12-02,94234.2578125,94535.8984375,94940.25,93266.046875,94444.0,485
2022-12-05,94426.890625,94729.1484375,95150.0,94140.0,94700.0,319
2022-12-06,94181.484375,94482.953125,94800.0,94182.8984375,94600.0,214
2022-12-07,92643.796875,92940.3515625,95037.5,92700.0,94555.0,336
2022-12-08,90794.921875,91085.546875,93339.3984375,90306.296875,93000.0,377
2022-12-09,91126.8046875,91418.5,91990.6015625,90170.0,91800.0,255
2022-12-12,91068.4375,91359.953125,91524.1484375,90689.953125,91455.5,207
2022-12-13,90761.828125,91052.3515625,91978.1015625,90700.0,91666.0,177
2022-12-14,90939.015625,91230.1015625,91900.0,91010.0,91468.953125,220
2022-12-15,90497.171875,90786.8515625,91609.953125,90518.8984375,91240.0,147
2022-12-16,88783.8046875,89068.0,90658.796875,88782.203125,90601.0,272
2022-12-19,89572.328125,89859.046875,90120.296875,88658.1484375,89111.0,272
2022-12-20,88683.921875,88967.796875,90494.953125,88701.046875,90494.953125,174
2022-12-21,87932.828125,88214.296875,89942.0,87650.8984375,89222.0,179
2022-12-22,88040.6328125,88322.453125,88828.75,87500.046875,88737.453125,327
2022-12-23,85790.640625,86065.25,88300.0,85800.0,87900.0,380
2022-12-26,87373.953125,87653.6484375,88245.1015625,85148.953125,85500.0,337
2022-12-27,87740.3515625,88021.203125,88519.8984375,87500.0,87600.0,215
2022-12-28,87615.1484375,87895.6015625,88990.0,87555.0,88990.0,126
2022-12-29,87306.890625,87586.3515625,88400.0,86635.6484375,88400.0,159
2022-12-30,88248.6171875,88531.1015625,89200.0,87591.0,87591.0,263
2023-01-02,87799.3203125,88080.3515625,88751.0,87950.0,88751.0,163
2023-01-03,88554.8828125,88838.3515625,89050.5,88000.0,88000.0,217
2023-01-04,87652.03125,87932.6015625,89103.703125,87500.0,88805.0,212
2023-01-05,90988.5546875,91279.796875,91888.0,88099.5,88099.5,474
2023-01-06,92806.0859375,93103.1484375,93300.0,90597.0,90708.0,1066
2023-01-09,93126.5546875,93424.6484375,93900.0,92991.1484375,93500.0,323
2023-01-10,93856.421875,94156.8515625,94402.953125,93177.0,93300.0,363
2023-01-11,90897.2890625,91188.25,94398.0,90855.046875,94398.0,457
2023-01-12,89212.7734375,89498.3515625,91999.953125,88659.1015625,91400.046875,401
2023-01-13,89442.65625,89728.953125,90645.3984375,89295.0,90294.8984375,271
2023-01-16,89007.6953125,89292.6015625,90577.8515625,88988.6484375,89800.046875,250
2023-01-17,89196.2734375,89481.796875,89868.546875,88967.203125,89800.0,118
2023-01-18,89893.5,90181.25,90357.453125,89400.0,89500.0,106
2023-01-19,90221.2109375,90510.0,90847.0,89700.0,89700.0,143
2023-01-20,89374.0234375,89660.1015625,90818.703125,89406.3515625,90566.453125,186
2023-01-23,89921.8671875,90209.703125,90380.0,89600.0,89600.0,219
2023-01-24,90065.109375,90353.3984375,90939.25,90175.703125,90353.1484375,124
2023-01-25,89257.734375,89543.453125,90797.953125,88500.0,90797.953125,123
2023-01-27,88018.6484375,88300.3984375,89767.953125,87000.0,89767.953125,339
2023-01-30,89024.5390625,89309.5,90100.0,88236.703125,88300.0,513
2023-01-31,90606.6171875,90896.6484375,91008.453125,89000.0,89000.0,713
2023-02-01,91691.890625,91985.3984375,92949.953125,90887.296875,91200.0,650
2023-02-02,92465.765625,92761.75,92990.0,91222.0,92219.0,367
2023-02-03,92485.0078125,92781.046875,93219.8984375,91511.0,93100.0,246
2023-02-06,92338.328125,92633.8984375,93200.0,92383.0,92600.046875,150
2023-02-07,91500.96875,91793.8515625,92666.0,91601.1015625,92666.0,124
2023-02-08,91916.53125,92210.75,92457.1015625,90777.0,91666.0,255
2023-02-09,88627.359375,88911.046875,93000.0,87650.1015625,92300.0,740
2023-02-10,88696.8828125,88980.796875,89920.75,88200.0,89490.0,422
2023-02-13,88479.734375,88762.953125,89404.8984375,88212.6484375,89404.8984375,288
2023-02-14,87797.1171875,88078.1484375,89188.796875,87500.0,89188.796875,225
2023-02-15,88575.921875,88859.453125,88980.0,88100.0,88300.0,294
2023-02-16,88924.0078125,89208.6484375,89940.6484375,88720.703125,89274.453125,311
2023-02-17,88514.0234375,88797.3515625,89600.0,88623.75,89194.8515625,136
2023-02-20,88826.4609375,89110.796875,89950.0,88739.703125,88739.703125,326
2023-02-21,89653.953125,89937.8984375,90400.953125,89457.8515625,89757.3984375,172
2023-02-22,87408.015625,87684.8515625,89882.453125,87111.6484375,89882.453125,508
2023-02-23,86487.328125,86761.25,88389.0,86101.046875,88389.0,437
2023-02-24,86477.359375,86751.25,88000.0,86608.3984375,88000.0,299
2023-02-27,84826.7421875,85095.3984375,86751.0,84916.6015625,86751.0,194
2023-02-28,84877.0234375,85145.8515625,85809.046875,84612.203125,85759.703125,260
2023-03-01,85752.3984375,86024.0,86360.0,84754.3984375,85499.953125,130
2023-03-02,86529.2890625,86803.3515625,87127.0,85888.1015625,86024.0,140
2023-03-03,86034.7578125,86307.25,87426.3984375,86100.0,86111.1015625,232
2023-03-06,86501.1328125,86775.1015625,87240.453125,86457.0,86457.0,85
2023-03-08,86439.9296875,86713.703125,87100.046875,86464.953125,86500.0,130
2023-03-09,85390.9453125,85661.3984375,87777.75,85400.0,87777.75,178
2023-03-10,84856.734375,85125.5,85661.3984375,84353.1015625,85661.3984375,223
2023-03-13,82814.859375,83077.1484375,85556.796875,82880.3515625,85000.0,386
2023-03-14,82222.5390625,82482.953125,83750.3984375,82300.0,83181.0,310
2023-03-15,81815.7734375,82074.8984375,83251.6484375,82000.0,83206.296875,184
2023-03-16,82941.8515625,83204.546875,83504.6015625,81390.953125,82000.0,289
2023-03-17,82461.875,82723.046875,83559.0,82101.0,83559.0,178
2023-03-20,83238.2265625,83501.8515625,83680.6484375,82450.0,82558.1484375,118
2023-03-21,83459.5703125,83723.8984375,85688.453125,83305.703125,83564.8984375,285
2023-03-22,84066.359375,84332.6015625,84541.703125,83820.453125,84250.0,198
2023-03-23,83902.65625,84168.3984375,84949.953125,83939.796875,84949.953125,97
2023-03-24,83607.0,83871.796875,84775.0,83640.0,84046.3984375,251
2023-03-27,83339.0,83602.953125,84500.0,83440.1484375,84299.6015625,182
2023-03-28,82082.4921875,82342.453125,84240.25,82100.0,84150.0,174
2023-03-29,81723.765625,81982.6015625,82665.6015625,81794.703125,82005.0,235
2023-03-31,83781.6015625,84046.953125,84452.25,82100.0,82100.0,260
2023-04-03,84102.2734375,84368.6484375,84997.703125,83896.5,84357.0,116
2023-04-05,83754.3828125,84019.6484375,84409.3515625,83900.0,84368.6484375,84
2023-04-06,83766.046875,84031.3515625,84876.8984375,83504.953125,84876.8984375,140
2023-04-10,83999.8125,84265.8515625,84748.25,84000.0,84050.0,209
2023-04-11,84378.3671875,84645.6015625,85284.453125,84444.703125,84877.796875,69
2023-04-12,85215.3203125,85485.203125,85699.796875,84851.703125,84945.0,206
2023-04-13,85220.0,85489.8984375,85798.6015625,85300.046875,85798.6015625,135
2023-04-17,85184.109375,85453.8984375,85609.453125,85023.046875,85499.8984375,113
2023-04-18,86401.734375,86675.3984375,87493.953125,85500.0,85500.0,399
2023-04-19,85607.4765625,85878.6015625,88000.0,85772.1015625,88000.0,136
2023-04-20,86168.234375,86441.1484375,86804.203125,85900.0,85900.0,130
2023-04-21,86311.390625,86584.75,86899.046875,86200.0,86400.0,64
2023-04-24,86561.484375,86835.6484375,87200.0,86350.0,86350.0,179
2023-04-25,86253.9609375,86527.1484375,87357.3515625,86112.0,86500.046875,89
2023-04-26,86970.546875,87246.0,87338.0,86407.8984375,86739.203125,127
2023-04-27,87120.4296875,87396.3515625,87558.546875,86800.203125,87231.0,222
2023-04-28,88670.859375,88951.703125,89244.203125,87200.0,87200.0,164
2023-05-02,88313.8984375,88593.6015625,89330.1484375,88137.1484375,88910.0,191
2023-05-03,93233.1171875,93528.3984375,94254.796875,88250.046875,88250.046875,1419
2023-05-04,94795.9765625,95096.203125,95711.6484375,93060.296875,93300.0,1243
2023-05-05,98276.703125,98587.953125,99000.0,94800.0,94800.0,2697
2023-05-08,97445.265625,97753.8984375,99879.6484375,97459.6484375,98587.953125,803
2023-05-09,97186.15625,97493.953125,99136.5,97293.0,97892.0,545
2023-05-10,96972.1640625,97279.296875,98500.0,96600.546875,98500.0,225
2023-05-11,97054.8984375,97362.296875,98200.0,97160.703125,97400.0,233
2023-05-12,96373.96875,96679.203125,97892.046875,96600.953125,97601.046875,330
2023-05-15,96582.3515625,96888.25,97541.8984375,95326.296875,97000.0,226
2023-05-16,96174.7890625,96479.3984375,97629.453125,96350.0,96402.1484375,409
2023-05-17,97354.359375,97662.703125,97800.0,96536.0,96536.0,216
2023-05-19,95833.921875,96137.453125,97210.046875,95245.546875,97186.1015625,399
2023-05-22,95497.0859375,95799.546875,96396.5,95667.8984375,96201.0,136
2023-05-23,95072.4375,95373.546875,96349.0,95250.0,95901.046875,129
2023-05-24,95330.0703125,95632.0,97393.546875,95373.546875,95373.546875,5286
2023-05-25,96388.921875,96694.203125,97003.3984375,95683.1015625,96078.953125,179
2023-05-26,97502.9921875,97811.796875,98100.0,96751.0,96751.0,189
2023-05-30,96671.21875,96977.3984375,97926.703125,96915.0,97696.3515625,75
2023-05-31,97091.3984375,97398.8984375,98500.0,96705.296875,96971.3515625,359
2023-06-01,97264.0859375,97572.1484375,97960.0,97170.0,97500.0,286
2023-06-02,96084.1875,96388.5,98437.6484375,96245.046875,97682.8515625,255
2023-06-05,96483.4609375,96789.046875,97075.8984375,96409.046875,96409.046875,114
2023-06-06,96286.34375,96591.296875,97188.0,95640.0,97099.0,704
2023-06-07,97244.453125,97552.453125,99162.0,94006.1015625,96767.1015625,492
2023-06-08,96752.359375,97058.796875,98607.3515625,96715.0,97150.046875,438
2023-06-09,98074.7265625,98385.3515625,98600.0,97300.0,97300.0,210
2023-06-12,98627.3359375,98939.703125,99300.0,98157.0,98500.0,261
2023-06-13,99671.8671875,99987.546875,100300.0,99286.3515625,99500.0,506
2023-06-14,99698.78125,100014.546875,100302.75,99500.0,100200.0,352
2023-06-15,99735.6640625,100051.546875,100887.3515625,99667.0,100060.1015625,257
2023-06-16,99664.6953125,99980.3515625,100650.046875,99567.546875,100051.546875,178
2023-06-19,99420.4765625,99735.3515625,100699.6015625,99578.046875,100449.953125,334
2023-06-20,99069.828125,99383.6015625,100259.953125,98345.0,100125.0,306
2023-06-21,100112.8203125,100429.8984375,100900.0,99685.703125,99747.0,471
2023-06-22,99535.7578125,99851.0,100900.0,99501.1015625,100429.8984375,250
2023-06-23,99191.9375,99506.1015625,99800.0,99000.0,99769.453125,141
2023-06-26,99571.9765625,99887.3515625,100199.8984375,99265.453125,99500.046875,121
2023-06-27,99283.1484375,99597.6015625,100565.6484375,99350.0,99999.953125,246
2023-06-28,100130.0703125,100447.203125,100600.203125,99600.0,100100.0,220
2023-06-30,100924.6015625,101244.25,101599.0,100100.0,100762.3515625,349
2023-07-07,100868.234375,101187.703125,101872.046875,100700.0,100874.5,235
2023-07-10,100264.046875,100581.6015625,101700.3984375,100432.546875,101446.8984375,200
2023-07-14,101930.71875,102253.546875,102389.953125,101355.046875,101355.046875,55
2023-07-17,101587.6015625,101909.3515625,102500.0,101778.6015625,102500.0,161
2023-07-19,102366.9375,102691.1484375,102900.0,102294.953125,102649.5,222
2023-07-20,101712.2734375,101866.5,102592.0,101650.0,102592.0,100
2023-07-21,101866.34375,102020.796875,102866.5,101447.0,102866.5,38
2023-07-24,102553.7421875,102709.25,103045.5,101751.546875,101929.546875,114
2023-07-26,101995.640625,102150.296875,103133.8515625,102089.1484375,103100.0,67
2023-07-28,102379.1640625,102534.3984375,102726.0,101849.3984375,102363.0,143
2023-08-03,106761.21875,106923.1015625,107500.0,101450.0,101725.046875,1076
2023-08-04,111096.1875,111264.6484375,111939.953125,106737.1015625,109000.0,781
2023-08-07,108050.6640625,108214.5,111563.1484375,108000.0,110839.796875,771
2023-08-08,107504.7421875,107667.75,108834.203125,105858.6015625,106500.0,215
2023-08-09,106219.140625,106380.203125,108075.953125,106000.1484375,106500.0,262
2023-08-10,106198.7734375,106359.796875,106558.953125,105709.3984375,106400.0,139
2023-08-11,105850.546875,106011.046875,106599.5,105500.0,105500.0,195
2023-08-14,106112.0,106272.8984375,106621.25,104750.953125,106011.046875,215
2023-08-16,106298.7734375,106459.953125,106590.0,105000.0,106050.0,211
2023-08-17,106415.140625,106576.5,106860.25,105601.0,105601.0,123
2023-08-18,107528.25,107691.296875,107891.796875,106100.0,106100.0,197
2023-08-21,107660.453125,107823.703125,108550.203125,107690.453125,108000.046875,216
2023-08-22,108201.046875,108365.1015625,108499.3515625,107628.5,108100.0,228
2023-08-23,108619.0,108783.703125,108999.953125,108100.0,108699.953125,191
2023-08-24,108387.3515625,108551.703125,109116.203125,108088.8984375,109050.0,131
2023-08-25,108367.6328125,108531.953125,108889.046875,108200.0,108499.953125,161
2023-08-28,108079.4765625,108243.3515625,108900.0,108133.6484375,108500.0,102
2023-08-29,108644.0625,108808.796875,108887.6484375,108175.0,108175.0,50
2023-08-30,109335.8671875,109501.6484375,109731.3515625,109162.0,109347.5,162
2023-08-31,108619.59375,108784.296875,109900.0,108225.453125,109900.0,76
2023-09-01,107824.7578125,107988.25,109299.0,107650.0,109299.0,120
2023-09-04,108019.6640625,108183.453125,108981.1015625,107650.0,108500.0,131
2023-09-05,108317.4609375,108481.703125,108745.3984375,107952.3515625,108500.0,116
2023-09-06,109286.0390625,109451.75,109501.0,107528.796875,107900.0,145
2023-09-07,108946.3515625,109111.546875,109800.0,108750.046875,109347.3984375,179
2023-09-08,108689.1953125,108854.0,109438.0,108767.8515625,109347.453125,234
2023-09-11,109385.734375,109551.6015625,109788.0,108889.6015625,108889.6015625,246
2023-09-12,107735.3984375,107898.75,109800.0,107700.0,109800.0,195
2023-09-13,108818.046875,108983.046875,109095.3515625,107800.796875,108101.046875,122
2023-09-14,110762.84375,110930.796875,111191.796875,108910.0,108910.0,271
2023-09-15,109027.6796875,109193.0,112671.203125,108700.0,110750.203125,311
2023-09-18,108773.3203125,108938.25,110500.0,108200.0,110500.0,130
2023-09-20,109380.046875,109545.8984375,109745.0,108450.0,109290.0,156
2023-09-21,108736.671875,108901.546875,109720.0,108612.3984375,109709.953125,81
2023-09-22,108461.6953125,108626.1484375,109250.0,108515.546875,108700.0,103
2023-09-25,109101.0703125,109266.5,109414.453125,107700.0,109050.8515625,171
2023-09-26,109509.34375,109675.3984375,109901.203125,108889.546875,108889.546875,107
2023-09-27,110045.9453125,110212.796875,110538.203125,109343.25,109990.0,146
2023-09-28,108640.015625,108804.75,110300.0,108439.203125,110300.0,280
2023-09-29,107116.9765625,107279.3984375,109233.0,106892.203125,108805.0,343
2023-10-03,107996.9453125,108160.703125,108599.6484375,106555.0,108500.0,232
2023-10-04,106720.2265625,106882.046875,108650.0,106507.703125,108650.0,152
2023-10-05,106584.6875,106746.296875,107686.703125,106685.3984375,107630.0,146
2023-10-06,107431.7578125,107594.6484375,108038.5,107157.453125,107401.0,144
2023-10-09,107066.75,107229.1015625,107598.5,106390.703125,107450.0,181
2023-10-10,107055.4765625,107217.796875,108045.6015625,107101.0,107550.1015625,64
2023-10-11,107567.8515625,107730.953125,108100.0,107218.0,107218.0,178
2023-10-12,108463.9375,108628.3984375,108782.25,108019.046875,108316.6015625,127
2023-10-13,108927.984375,109093.1484375,109326.703125,108300.046875,108729.25,83
2023-10-16,109349.0546875,109514.8515625,109800.0,108453.8515625,109499.953125,201
2023-10-17,110744.28125,110912.203125,113379.1015625,110500.0,110500.0,585
2023-10-18,109498.71875,109664.75,111449.953125,109445.0,111449.953125,224
2023-10-19,109393.421875,109559.296875,109912.5,108734.5,109445.0,181
2023-10-20,109320.4921875,109486.25,109990.953125,109075.75,109075.75,157
2023-10-23,108678.1640625,108842.953125,110350.0,107700.0,109799.953125,249
2023-10-25,108488.5546875,108653.046875,109896.6015625,108251.3984375,109000.0,152
2023-10-26,107349.8203125,107512.6015625,108700.0,107037.3515625,108653.0,354
2023-10-27,108018.5078125,108182.296875,108900.0,107929.046875,108200.0,191
2023-10-30,108866.7734375,109031.8515625,109260.953125,107923.703125,108500.0,144
2023-10-31,108154.609375,108318.6015625,109690.8984375,107879.1484375,109225.0,202
2023-11-01,108427.34375,108591.75,109500.0,108327.5,109500.0,187
2023-11-02,110345.0859375,110512.3984375,110799.953125,108941.046875,109225.046875,400
2023-11-03,107562.953125,107726.046875,111700.0,107366.25,110415.0,1174
2023-11-06,107222.1328125,107384.703125,109000.0,107096.6015625,109000.0,287
2023-11-07,106993.0625,107155.296875,108400.0,107010.0,108400.0,199
2023-11-08,108197.5546875,108361.6015625,108692.25,107434.3515625,108050.0,140
2023-11-09,107928.8359375,108092.5,109100.0,107800.046875,108041.953125,362
2023-11-10,108119.609375,108283.546875,108495.25,107459.1015625,107800.0,150
2023-11-13,107479.03125,107642.0,108431.5,107200.0,108431.5,175
2023-11-15,109135.125,109300.6015625,109423.796875,107805.0,107805.0,442
2023-11-16,110153.2265625,110320.25,110490.0,109000.046875,109000.046875,281
2023-11-17,111255.5390625,111421.203125,112500.0,110363.6484375,110490.0,527
2023-11-20,111203.8125,111369.3984375,112200.0,110675.546875,112200.0,166
2023-11-21,111301.8671875,111467.6015625,111768.3984375,111090.0,111500.0,120
2023-11-22,110947.5390625,111112.75,111738.953125,110759.1015625,111434.0,72
2023-11-23,111234.1640625,111399.796875,111899.796875,111172.546875,111523.0,93
2023-11-24,111235.609375,111401.25,111484.8984375,110831.0,111408.5,182
2023-11-28,111358.9765625,111524.796875,111800.0,111209.6484375,111500.296875,82
2023-11-29,112094.5859375,112261.5,112449.1484375,111800.0,111800.0,109
2023-11-30,111580.703125,111746.8515625,112860.796875,111468.953125,112500.0,83
2023-12-01,111251.9375,111417.6015625,112066.453125,111132.0,111706.0,184
2023-12-04,111326.6796875,111492.453125,112300.0,110896.75,112300.0,235
2023-12-05,113539.390625,113708.453125,114319.546875,111000.0,111600.0,321
2023-12-06,113939.1875,114108.8515625,114408.703125,113500.0,113708.453125,186
2023-12-07,117256.1953125,117430.796875,118960.0,113843.953125,114200.0,519
2023-12-08,117740.78125,117916.1015625,118140.6015625,117068.3515625,117400.0,366
2023-12-11,118955.2578125,119132.3984375,119653.3984375,117585.75,117800.0,306
2023-12-12,119394.5703125,119572.3515625,120388.0,118789.0,119900.0,305
2023-12-13,119653.9296875,119832.1015625,120063.6484375,119201.25,119896.296875,161
2023-12-14,120281.59375,120460.703125,120900.0,119512.3984375,120000.0,255
2023-12-15,119938.796875,120117.3984375,121236.5,119831.046875,121197.703125,123
2023-12-18,119213.5390625,119391.046875,120300.0,119301.046875,120300.0,178
2023-12-19,118486.8125,118663.25,120300.0,116916.453125,119005.0,261
2023-12-20,117151.75,117326.203125,119700.0,117000.1015625,119700.0,151
2023-12-21,117406.96875,117581.796875,117740.3515625,115479.8984375,117300.0,269
2023-12-22,119392.71875,119570.5,120547.3515625,118000.0,118500.0,385
2023-12-26,120063.5703125,120242.3515625,120420.0,119776.5,120000.0,222
2023-12-27,120809.2578125,120989.1484375,121300.0,119936.796875,120300.0,137
2023-12-28,125594.6796875,125781.703125,126450.0,120991.5,121500.0,545
2023-12-29,129372.75,129565.3984375,130065.0,125104.546875,126999.953125,641
2024-01-01,129246.7421875,129439.203125,130725.546875,128965.3515625,130250.0,536
2024-01-02,129779.3046875,129972.546875,130336.0,127379.953125,130336.0,470
2024-01-03,130349.5,130543.6015625,130935.953125,129351.046875,129400.0,278
2024-01-04,131272.765625,131468.25,131850.0,130240.296875,130800.0,198
2024-01-05,132592.484375,132789.90625,133502.90625,131630.90625,131799.953125,400
2024-01-08,131563.25,131759.15625,133555.0,131000.0,133100.046875,522
2024-01-09,131463.734375,131659.5,133056.796875,131196.34375,132959.15625,190
2024-01-10,131601.546875,131797.5,132199.953125,130230.0,131868.0,165
2024-01-11,133266.484375,133464.90625,133691.953125,131924.203125,132594.953125,282
2024-01-12,134084.625,134284.296875,134599.84375,132773.546875,133400.0,357
2024-01-15,135746.578125,135948.703125,136386.90625,133801.046875,134800.0,257
2024-01-16,136276.375,136479.296875,137800.0,135369.453125,135950.0,369
2024-01-17,134768.765625,134969.453125,150000.0,134200.0,136999.0,1033
2024-01-19,139245.796875,139453.15625,139999.953125,138201.453125,138500.0,405
2024-01-23,140883.859375,141093.65625,147799.953125,139815.34375,145750.0,904
2024-01-24,139546.875,139754.65625,142699.953125,136300.0,142699.953125,902
2024-01-25,136442.53125,136645.703125,140600.0,135000.0,140600.0,802
2024-01-29,143735.609375,143949.65625,144405.5,136498.546875,137200.0,692
2024-01-30,140514.171875,140723.40625,144889.0,140100.0,144225.09375,705
2024-01-31,142293.15625,142505.046875,142800.0,140650.0,140720.0,663
2024-02-01,142522.609375,142734.84375,144500.0,141836.25,143500.0,516
2024-02-02,141184.625,141394.84375,143844.34375,140516.25,143500.0,624
2024-02-05,141312.546875,141522.953125,144000.0,140472.796875,144000.0,824
2024-02-06,143140.84375,143354.0,143538.34375,141999.0,142600.0,250
2024-02-07,142824.234375,143036.90625,145000.0,142612.296875,143900.0,390
2024-02-08,142271.484375,142483.34375,143812.296875,142000.0,143100.0,431
2024-02-09,136843.375,137047.15625,143599.953125,136350.0,142500.0,1094
2024-02-12,142505.546875,142717.75,146877.953125,137327.796875,138299.953125,2057
2024-02-13,144484.640625,144699.796875,145414.796875,142534.34375,144999.953125,520
2024-02-14,146971.203125,147190.046875,147996.25,142800.0,143500.0,850
2024-02-15,148286.203125,148507.0,149999.90625,147020.15625,147600.40625,870
2024-02-16,147950.140625,148170.453125,149949.953125,147500.0,149949.953125,624
2024-02-19,148696.4375,148917.84375,149599.34375,148200.046875,148900.0,427
2024-02-20,148550.390625,148771.59375,148982.75,147200.0,148210.046875,607
2024-02-21,149508.296875,149727.90625,150750.0,148750.0,148750.0,1061
2024-02-22,149873.859375,150094.0,150702.84375,149000.0,150000.0,700
2024-02-23,150556.75,150777.90625,151283.40625,149300.046875,149300.046875,268
2024-02-26,148193.734375,148411.40625,151058.0,147406.453125,150600.046875,711
2024-02-27,146960.84375,147176.703125,149500.0,146136.40625,149000.0,449
2024-02-28,145663.34375,145877.296875,149230.953125,145700.0,148423.453125,558
2024-02-29,145474.65625,145688.34375,146905.0,144727.796875,146800.0,520
2024-03-01,144890.921875,145103.75,147216.203125,144267.0,146800.0,433
2024-03-04,145935.71875,146150.09375,146801.90625,144599.453125,145400.046875,442
2024-03-05,145113.0,145326.15625,147000.0,145000.0,146499.953125,442
2024-03-06,145689.703125,145903.703125,146114.5,144132.0,145375.0,327
2024-03-07,143674.296875,143885.34375,145800.0,143600.0,145400.0,445
2024-03-11,144592.671875,144805.046875,145246.796875,143789.59375,144889.953125,285
2024-03-12,142009.703125,142218.296875,145000.0,141539.09375,144050.0,308
2024-03-13,138867.578125,139071.546875,143419.15625,138000.0,142999.953125,376
2024-03-14,140111.65625,140317.453125,142861.65625,138000.15625,139072.0,393
2024-03-15,141173.4375,141380.796875,142500.0,137552.90625,140050.0,789
2024-03-18,136746.640625,136947.5,140000.0,136401.0,140000.0,804
2024-03-19,132425.53125,132620.046875,137149.953125,132145.40625,137149.953125,544
2024-03-20,131347.921875,131540.84375,134137.90625,129619.453125,132500.0,515
2024-03-21,131445.96875,131639.046875,132878.65625,131000.0,132839.953125,355
2024-03-22,131131.71875,131324.34375,132715.046875,130592.6484375,131247.40625,390
2024-03-26,131369.640625,131562.59375,132777.0,130743.3984375,132010.0,422
2024-03-27,131691.25,131884.703125,133951.546875,131562.59375,131694.0,314
2024-03-28,133098.453125,133293.953125,133950.0,132055.15625,133299.953125,617
2024-04-01,135589.5,135788.65625,136895.40625,134600.0,135500.046875,366
2024-04-02,136870.65625,137071.703125,137350.0,135000.0,136000.046875,577
2024-04-03,135976.015625,136175.75,137916.90625,136082.59375,137916.90625,292
2024-04-04,135158.375,135356.90625,137108.5,135093.0,136200.0,208
2024-04-05,135383.4375,135582.296875,135977.0,134468.90625,135977.0,250
2024-04-08,132540.40625,132735.09375,136329.90625,130951.6484375,135040.0,623
2024-04-09,132713.5625,132908.5,134001.65625,132751.0,133499.953125,408
2024-04-10,132473.5625,132668.15625,133945.84375,132259.046875,133170.15625,188
2024-04-12,131469.1875,131662.296875,133633.046875,131131.09375,133633.046875,203
2024-04-15,129269.71875,129459.6015625,131662.296875,129207.1484375,131662.296875,266
2024-04-16,129969.1328125,130160.046875,130640.0,128000.0,129320.0,308
2024-04-18,129027.515625,129217.046875,131438.703125,129018.5,131000.0,267
2024-04-19,129054.28125,129243.8515625,129600.0,127436.6484375,129300.0,268
2024-04-22,128816.78125,129006.0,131637.546875,128788.203125,129611.046875,360
2024-04-23,129038.5,129228.046875,131499.953125,128800.0,129300.0,187
2024-04-24,128327.609375,128516.1015625,130050.0,128291.203125,129500.0,323
2024-04-25,129409.8125,129599.8984375,129786.0,128308.0,129394.953125,213
2024-04-26,130078.2734375,130269.3515625,130700.0,129599.8984375,129899.953125,137
2024-04-29,130560.828125,130752.6015625,131115.90625,130383.3515625,130710.046875,318
2024-04-30,132811.3125,133006.40625,135598.953125,131361.546875,131709.703125,424
2024-05-02,133729.828125,133926.25,135135.0,129710.75,134200.0,941
2024-05-03,128306.5390625,128495.0,134000.0,127800.0,134000.0,1712
2024-05-06,125873.75,126058.6484375,131298.15625,125000.0,130500.0,897
2024-05-07,124336.0703125,124518.703125,126942.6484375,123215.0,126854.953125,529
2024-05-08,126497.7890625,126683.6015625,127001.0,123504.3515625,124520.0,610
2024-05-09,125954.03125,126139.046875,127600.0,125750.0,126700.0,372
2024-05-10,127332.109375,127519.1484375,127800.046875,125565.1484375,127000.046875,332
2024-05-13,128684.375,128873.3984375,129250.0,125757.75,127168.703125,207
2024-05-14,127978.21875,128166.203125,128957.1015625,127725.0,128900.0,161
2024-05-15,127230.0078125,127416.8984375,129068.1015625,127288.6015625,128000.0,142
2024-05-16,128744.3828125,128933.5,129040.0,127242.046875,127500.0,325
2024-05-17,129060.5703125,129250.1484375,129500.0,128000.046875,128000.046875,155
2024-05-21,129489.8984375,129680.1015625,129930.0,128000.203125,128100.0,321
2024-05-22,129225.078125,129414.8984375,130251.0,129045.5,129400.0,2445
2024-05-23,130005.3359375,130196.296875,130500.0,129086.8984375,129450.0,129
2024-05-24,130725.4296875,130917.453125,131350.0,129100.0,129500.203125,634
2024-05-27,130839.7109375,131031.8984375,132698.0,130218.8984375,130899.953125,417
2024-05-28,128875.0546875,129064.3515625,131800.0,128702.453125,131800.0,298
2024-05-29,128009.1796875,128197.203125,129744.0,128001.1015625,129744.0,167
2024-05-30,125318.765625,125502.8515625,128199.0,125200.0,128199.0,431
2024-05-31,125260.6484375,125444.6484375,126816.6484375,125000.0,126000.046875,343
2024-06-03,126764.59375,126950.796875,129000.0,126700.0,129000.0,805
2024-06-04,121654.90625,121833.6015625,126930.3515625,116414.8515625,126930.3515625,947
2024-06-05,127740.8203125,127928.453125,128299.953125,122270.296875,122270.3515625,524
2024-06-06,125935.96875,126120.953125,128550.0,125901.1015625,128550.0,347
2024-06-07,127067.6484375,127254.296875,127499.953125,126000.0,126000.046875,220
2024-06-10,126772.3359375,126958.546875,128400.0,126000.0,127750.1484375,370
2024-06-11,126099.2734375,126284.5,127566.953125,126100.046875,126958.546875,318
2024-06-12,125923.8828125,126108.8515625,126846.8515625,125851.0,126700.0,284
2024-06-13,125822.1328125,126006.953125,126900.0,125392.3515625,126200.0,248
2024-06-14,125423.6640625,125607.8984375,126289.8984375,125400.1484375,126079.6015625,187
2024-06-18,125638.0,125822.546875,126300.75,125569.1484375,125607.0,318
2024-06-19,124779.5625,124962.8515625,126132.25,124750.0,125822.0,322
2024-06-20,126174.3125,126359.6484375,126650.0,124583.3515625,125050.0,779
2024-06-21,125120.9609375,125304.75,127115.296875,125010.0,126351.703125,335
2024-06-24,125091.65625,125275.3984375,126300.0,124500.0,125250.046875,342
2024-06-25,126723.3125,126909.453125,127600.0,125500.0,125665.0,511
2024-06-26,125683.9296875,125868.546875,127324.6015625,125600.046875,126880.046875,515
2024-06-27,124907.9296875,125091.3984375,126214.75,124740.6484375,125868.546875,218
2024-06-28,129274.7578125,129464.6484375,130700.0,125380.546875,125999.953125,1183
2024-07-01,129487.6953125,129677.8984375,130441.0,127834.1015625,130224.796875,780
2024-07-02,128456.703125,128645.3984375,129800.046875,128020.0,129677.8984375,457
2024-07-03,128792.21875,128981.3984375,129624.6015625,128006.296875,129624.6015625,285
2024-07-04,128378.1328125,128566.703125,129248.25,127991.296875,128982.0,1151
2024-07-05,128745.8828125,128935.0,131178.703125,128000.046875,128000.046875,675
2024-07-08,128561.8046875,128750.6484375,131292.84375,128157.0,129100.0,577
2024-07-09,131105.328125,131297.90625,131600.0,128900.0,128900.0,567
2024-07-10,130605.203125,130797.046875,131907.5,128300.0,131800.0,420
2024-07-11,130302.3515625,130493.75,131300.0,130056.1015625,130797.046875,241
2024-07-12,129488.34375,129678.546875,131093.75,129354.8515625,130400.046875,183
2024-07-15,131020.9453125,131213.40625,134280.703125,130000.046875,130000.046875,635
2024-07-16,132940.21875,133135.5,133400.0,131477.796875,131999.953125,385
2024-07-18,132097.875,132291.90625,132999.953125,130863.046875,132999.953125,308
2024-07-19,127801.015625,127988.75,132291.0,127541.3515625,132291.0,578
2024-07-22,130743.453125,130935.5,131500.0,126600.6484375,128298.953125,480
2024-07-23,131075.15625,131267.703125,133699.0,126619.75,130450.0,765
2024-07-24,136937.453125,137138.59375,137800.0,131124.90625,131500.0,1043
2024-07-25,137582.984375,137590.15625,139900.0,134000.0,134567.0,788
2024-07-26,138847.265625,138854.5,139230.75,136329.40625,137486.296875,1005
2024-07-29,139121.890625,139129.15625,140200.0,138445.25,138854.0,472
2024-07-30,139854.359375,139861.65625,140440.0,138000.046875,139799.953125,235
2024-07-31,142305.578125,142313.0,142529.25,139861.65625,139861.65625,321
2024-08-01,140212.625,140219.953125,143598.953125,139602.84375,142001.453125,643
2024-08-02,138366.484375,138373.703125,140586.09375,138151.40625,140266.15625,337
2024-08-05,136331.4375,136338.546875,138000.0,135344.25,137899.0,866
2024-08-06,135629.890625,135636.953125,138900.796875,135300.046875,135800.046875,262
2024-08-07,134654.921875,134661.953125,138026.90625,134205.40625,137700.0,326
2024-08-08,140279.875,140287.203125,142485.09375,132001.046875,135497.546875,2087
2024-08-09,136896.265625,136903.40625,141399.5,135501.0,140391.0,679
2024-08-12,137259.640625,137266.796875,137998.953125,134670.0,135300.046875,519
2024-08-13,137406.53125,137413.703125,138498.796875,137112.296875,138266.796875,201
2024-08-14,135975.3125,135982.40625,137876.5,135789.046875,137700.0,113
2024-08-16,136029.109375,136036.203125,137500.0,134800.0,137000.0,351
2024-08-19,134901.171875,134908.203125,137143.65625,134510.0,136041.046875,336
2024-08-20,135823.65625,135830.75,135987.59375,135132.75,135898.953125,176
2024-08-21,137824.3125,137831.5,138000.0,135830.75,135830.75,217
2024-08-22,139557.484375,139564.75,139805.59375,137750.0,137750.0,403
2024-08-23,138505.46875,138512.703125,140566.703125,138419.203125,139614.546875,221
2024-08-26,139303.078125,139310.34375,140499.953125,138500.0,140000.0,224
2024-08-28,136900.8125,136907.953125,139218.453125,136633.40625,139000.0,168
2024-08-29,134423.65625,134430.65625,137947.953125,133423.09375,137947.953125,517
2024-08-30,134854.921875,134861.953125,135733.953125,134400.0,135500.0,206
2024-09-02,134144.703125,134151.703125,136000.0,134000.0,135000.0,364
2024-09-03,134467.0,134474.0,134999.953125,134000.0,134999.90625,135
2024-09-04,135322.484375,135329.546875,135443.65625,133959.75,134200.0,338
2024-09-05,135937.453125,135944.546875,136680.0,135565.84375,136000.0,397
2024-09-06,134313.953125,134320.953125,136757.59375,134100.046875,134500.0,123
2024-09-09,133977.75,133984.75,134678.90625,132548.40625,134320.953125,267
2024-09-10,135705.828125,135712.90625,136226.34375,134000.296875,134000.296875,338
2024-09-11,135341.28125,135348.34375,136600.0,135212.34375,136000.0,115
2024-09-12,135901.953125,135909.046875,136399.953125,135425.40625,136114.453125,153
2024-09-13,137383.421875,137390.59375,137646.09375,135892.75,136789.046875,218
2024-09-16,136405.390625,136412.5,138498.953125,136200.046875,137400.0,274
2024-09-17,135234.78125,135241.84375,136759.09375,135089.046875,136429.046875,113
2024-09-18,134194.25,134201.25,136097.0,133299.703125,136097.0,301
2024-09-19,136349.484375,136356.59375,136750.953125,134201.25,134600.0,146
2024-09-20,136031.609375,136038.703125,136822.953125,135145.15625,136750.953125,235
2024-09-23,137202.09375,137209.25,137490.0,136038.703125,136038.703125,354
2024-09-24,137736.8125,137744.0,138427.09375,136836.0,137000.046875,164
2024-09-25,139107.28125,139114.546875,139746.25,137736.0,137736.0,283
2024-09-26,138786.265625,138793.5,139899.953125,137969.953125,139899.953125,143
2024-09-27,140968.84375,140976.203125,142297.296875,138500.0,138700.0,411
2024-09-30,138495.671875,138502.90625,141786.453125,138242.59375,140000.046875,354
2024-10-01,140164.546875,140171.84375,140758.546875,138850.09375,139200.046875,209
2024-10-03,136130.5,136137.59375,139612.90625,136000.0,137900.0,444
2024-10-04,133338.640625,133345.59375,137300.0,132917.90625,137300.0,780
2024-10-07,131281.5625,131288.40625,137146.15625,130555.953125,136000.0,484
2024-10-08,132081.109375,132088.0,133100.0,130210.0,131289.0,374
2024-10-09,132526.25,132533.15625,133382.0,132344.546875,132389.953125,137
2024-10-10,132191.109375,132198.0,133900.0,132036.40625,133900.0,179
2024-10-11,132281.296875,132288.203125,132599.953125,131199.0,132450.0,124
2024-10-14,131975.578125,131982.453125,132831.953125,131401.0,132305.0,199
2024-10-15,131085.75,131092.59375,132209.703125,130921.3984375,132050.0,200
2024-10-16,130555.84375,130562.6484375,131039.296875,129620.1015625,130900.0,385
2024-10-17,129762.53125,129769.296875,130837.1484375,129500.0,129763.1484375,235
2024-10-18,129577.09375,129583.8515625,130289.703125,128638.796875,130289.703125,125
2024-10-21,128175.9609375,128182.6484375,131900.0,128001.0,130900.0,582
2024-10-22,126405.90625,126412.5,129394.953125,126100.0,129394.953125,353
2024-10-23,125493.4609375,125500.0,127000.3984375,125135.1484375,127000.3984375,543
2024-10-24,124151.375,124157.8515625,126159.0,124017.296875,126159.0,374
2024-10-25,122747.546875,122753.953125,124627.75,121973.25,123305.0,635
2024-10-28,123048.625,123055.046875,124366.6015625,122950.0,123000.0,336
2024-10-29,122570.109375,122576.5,123600.0,120756.1484375,123600.0,279
2024-10-31,122456.359375,122462.75,123699.953125,121600.0,123699.953125,299
2024-11-01,123294.7734375,123301.203125,123637.1015625,123099.6015625,123100.0,110
2024-11-04,120877.3984375,120883.703125,123655.1484375,120500.0,123400.046875,255
2024-11-06,121455.125,121461.453125,121864.953125,120026.546875,120026.546875,636
2024-11-07,120952.390625,120958.703125,122553.6015625,120261.3515625,122553.6015625,306
2024-11-08,119279.375,119285.6015625,121445.0,117500.0,121445.0,653
2024-11-11,123014.4375,123020.8515625,125000.0,120024.203125,120399.8984375,583
2024-11-12,120908.7421875,120915.046875,125500.0,120800.0,124100.0,429
2024-11-13,120641.8125,120648.1015625,121666.1484375,120161.203125,120500.0,193
2024-11-14,120656.25,120662.546875,121800.0,120001.046875,120001.046875,224
2024-11-18,120905.09375,120911.3984375,121186.6015625,118000.1015625,118000.1015625,240
2024-11-19,122899.9921875,122903.3515625,124080.0,120861.1015625,120900.0,782
2024-11-21,123503.4140625,123506.796875,124200.0,121769.75,124200.0,307
2024-11-22,124564.890625,124568.296875,124791.0,122539.046875,123506.796875,338
2024-11-25,124308.6015625,124312.0,126000.0,124057.0,125000.1484375,222
2024-11-26,124203.1015625,124206.5,125676.0,124038.453125,124600.0,108
2024-11-27,124541.2421875,124544.6484375,125359.046875,123070.953125,124206.5,249
2024-11-28,123655.1171875,123658.5,124466.6015625,123450.0,124047.296875,175
2024-11-29,125170.828125,125174.25,125370.0,122800.0,123658.5,207
2024-12-02,125369.5703125,125373.0,125456.8515625,124334.0,125300.0,131
2024-12-03,125518.015625,125521.453125,125731.8984375,125000.0,125373.0,214
2024-12-04,126847.1328125,126850.6015625,127006.296875,125351.0,125600.0,229
2024-12-05,130610.1796875,130613.75,131000.0,126774.3515625,126850.6015625,1248
2024-12-06,130569.9296875,130573.5,132107.75,130045.703125,130800.0,333
2024-12-09,132129.984375,132133.59375,133075.0,131218.796875,132000.0,286
2024-12-10,132159.640625,132163.25,133200.0,131725.0,132700.0,284
2024-12-11,132439.21875,132442.84375,132762.046875,131450.09375,132000.0,139
2024-12-12,131857.59375,131861.203125,133286.5,131001.0,131001.0,156
2024-12-13,133089.0625,133092.703125,133405.0,130980.453125,131900.0,232
2024-12-16,132607.921875,132611.546875,133500.0,132264.84375,133115.75,180
2024-12-17,130919.21875,130922.796875,132251.0,130571.203125,132200.046875,199
2024-12-18,130311.140625,130314.703125,131498.546875,130171.796875,131200.0,116
2024-12-19,129825.3984375,129828.953125,130157.8984375,129001.0,129400.0,72
2024-12-20,128006.1484375,128009.6484375,130500.0,127700.0,130178.046875,65
2024-12-23,130333.984375,130337.546875,130434.3515625,128083.296875,128632.3515625,109
2024-12-24,130368.78125,130372.3515625,131012.203125,129934.0,130028.703125,110
2024-12-26,131241.65625,131245.25,131400.0,130134.8984375,130623.3515625,193
2024-12-27,131453.8125,131457.40625,132650.0,130651.3984375,130651.3984375,211
2024-12-30,131086.203125,131089.796875,131600.0,129786.8984375,130651.0,45
2024-12-31,130637.28125,130640.8515625,131405.046875,129565.046875,131000.0,55
2025-01-01,129282.3125,129285.8515625,130640.8515625,129018.75,130640.8515625,112
2025-01-02,129198.21875,129201.75,129894.046875,128000.0,129430.453125,153
2025-01-03,126417.0859375,126420.546875,129987.3515625,126001.0,129899.0,258
2025-01-06,122913.4921875,122916.8515625,126950.0,122283.3984375,126950.0,755
2025-01-07,121162.6875,121166.0,124029.0,120765.0,122951.0,570
2025-01-08,119893.671875,119896.953125,122149.953125,119100.0,122149.953125,235
2025-01-09,118912.296875,118915.546875,120542.6484375,118741.296875,120100.0,466
2025-01-10,117091.5,117094.703125,119178.0,117000.0,118500.046875,442
2025-01-13,113014.203125,113017.296875,117100.0,112752.703125,117100.0,417
2025-01-14,114242.375,114245.5,114739.203125,112692.6015625,114000.0,608
2025-01-15,114165.9765625,114169.1015625,115799.0,113726.75,114954.1015625,288
2025-01-16,114413.5703125,114416.703125,115300.0,114200.0,115200.0,130
2025-01-17,113862.734375,113865.8515625,114899.953125,113476.703125,114899.953125,126
2025-01-20,113731.6875,113734.796875,114400.0,112227.6484375,114400.0,231
2025-01-21,112107.4296875,112110.5,115263.5,111837.953125,113999.953125,301
2025-01-22,111535.84375,111538.8984375,113088.0,110546.8984375,113088.0,439
2025-01-23,111687.546875,111690.6015625,112200.0,110654.1015625,111550.0,174
2025-01-24,111465.0,111468.046875,112997.953125,111295.0,112997.953125,162
2025-01-27,111222.4609375,111225.5,111598.953125,110100.0,111598.953125,167
2025-01-28,112866.2109375,112869.296875,113262.5,111300.0,111300.0,411
2025-01-29,112322.328125,112325.3984375,112967.25,111694.8515625,112883.703125,167
2025-01-30,112568.0234375,112571.1015625,113593.6484375,112205.0,112205.0,165
2025-01-31,113600.09375,113603.203125,114551.3984375,112022.546875,112022.546875,161
2025-02-01,114104.578125,114107.703125,114489.3984375,112434.953125,113603.203125,195
2025-02-03,113645.5390625,113648.6484375,114800.0,113092.0,114599.953125,147
2025-02-04,114867.3125,114870.453125,115000.0,113140.0,114275.0,126
2025-02-05,115064.8046875,115067.953125,115350.0,114500.0,115100.0,250
2025-02-06,114035.234375,114038.3515625,115499.75,110000.0,114825.1015625,1147
2025-02-07,112878.1640625,112881.25,115100.0,111500.046875,111500.046875,262
2025-02-10,111080.609375,111083.6484375,113976.953125,110900.0,113976.953125,420
2025-02-11,108687.2734375,108690.25,111799.0,108500.0,111799.0,597
2025-02-12,109435.15625,109438.1484375,110899.953125,106500.0,108311.0,363
2025-02-13,109699.8515625,109702.8515625,110300.046875,109233.953125,109500.0,252
2025-02-14,109461.1015625,109461.1015625,110799.0,107867.1015625,110799.0,345
2025-02-17,109915.8515625,109915.8515625,110221.6484375,107913.8984375,109000.0,156
2025-02-18,109051.703125,109051.703125,110350.0,108800.0,110350.0,73
2025-02-19,109520.8984375,109520.8984375,109804.6015625,108502.453125,109399.953125,316
2025-02-20,109925.703125,109925.703125,110419.1484375,108951.0,108951.0,152
2025-02-21,109161.046875,109161.046875,110321.453125,108900.75,110297.203125,52
2025-02-24,108879.0,108879.0,109500.0,108152.046875,109161.046875,125
2025-02-25,107172.3515625,107172.3515625,109205.0,107000.0,108924.546875,202
2025-02-27,105565.8984375,105565.8984375,107636.6015625,105227.1484375,107300.6015625,225
2025-02-28,105434.203125,105434.203125,105748.953125,103816.8515625,105748.953125,141
2025-03-03,105095.203125,105095.203125,106153.796875,104000.0,105373.8984375,373
2025-03-04,102626.8515625,102626.8515625,105170.0,102500.0,105169.953125,319
2025-03-05,105834.046875,105834.046875,105997.953125,100500.0,102998.75,366
2025-03-06,107775.25,107775.25,108111.0,106602.0,106989.3984375,484
2025-03-07,107199.546875,107199.546875,108716.0,107000.0,107775.25,163
2025-03-10,106557.0,106557.0,108198.953125,106269.25,108198.953125,139
2025-03-11,106565.75,106565.75,106725.1015625,105547.8984375,106649.703125,193
2025-03-12,107264.203125,107264.203125,107425.0,106306.953125,106700.046875,275
2025-03-13,104332.8515625,104332.8515625,107518.953125,102012.453125,107518.953125,319
2025-03-17,105390.8515625,105390.8515625,106699.953125,105039.796875,106699.953125,203
2025-03-18,107831.546875,107831.546875,108000.0,105800.0,105800.0,343
2025-03-19,109966.703125,109966.703125,110100.0,108100.0,108323.6484375,305
2025-03-20,111074.296875,111074.296875,111747.1015625,110122.953125,110770.0,400
2025-03-21,112119.75,112119.75,112700.0,111200.046875,111200.046875,277
2025-03-24,114065.8515625,114065.8515625,114290.0,112899.953125,113399.0,534
2025-03-25,114264.1484375,114264.1484375,116159.6484375,113536.953125,116000.0,548
2025-03-26,114259.953125,114259.953125,116000.0,114000.0,114264.1484375,242
2025-03-27,113392.046875,113392.046875,114179.3984375,112500.0,113850.0,259
2025-03-28,112599.8984375,112599.8984375,114699.0,112192.296875,113392.046875,377
2025-04-01,112964.703125,112964.703125,114303.203125,111948.8515625,112382.953125,105
2025-04-02,115066.1015625,115066.1015625,115200.0,112854.0,113400.0,135
2025-04-03,114826.953125,114826.953125,115055.6484375,113900.0,114698.3515625,124
2025-04-04,113235.703125,113235.703125,115080.6484375,112845.703125,114800.0,190
2025-04-07,110436.8984375,110436.8984375,110790.0,107388.6484375,109800.0,281
2025-04-08,112597.8984375,112597.8984375,113207.203125,111500.0,111800.0,352
2025-04-09,112993.0,112993.0,113333.0,111365.0,112999.953125,308
2025-04-11,117598.6015625,117598.6015625,118047.5,113800.0,113800.0,592
2025-04-15,122889.1484375,122889.1484375,123133.0,117745.6484375,117745.703125,1063
2025-04-16,124452.953125,124452.953125,124754.75,119719.203125,123667.8984375,513
2025-04-17,126506.3984375,126506.3984375,126699.0,123987.046875,124000.0,364
2025-04-21,126740.203125,126740.203125,128000.0,126485.796875,126699.0,400
2025-04-22,127571.453125,127571.453125,129084.0,126450.0,127500.0,293
2025-04-23,127958.1484375,127958.1484375,128646.703125,126589.25,128410.0,224
2025-04-24,129926.453125,129926.453125,130345.0,127147.5,128974.953125,289
2025-04-25,128663.1484375,128663.1484375,130794.796875,127450.0,129700.25,875
2025-04-28,130153.8984375,130153.8984375,130350.0,128201.046875,128201.046875,752
2025-04-29,132794.15625,132794.15625,133235.90625,130814.6015625,130985.0,722
2025-04-30,134651.09375,134651.09375,135659.84375,132053.40625,132794.0,648
2025-05-02,134408.59375,134408.59375,135731.953125,129820.0,134652.0,633
2025-05-05,136189.65625,136189.65625,137811.0,135930.453125,136059.90625,281
2025-05-06,134964.40625,134964.40625,137180.796875,134568.453125,136500.0,536
2025-05-07,140428.703125,140428.703125,141505.0,131789.0,134499.953125,1344
2025-05-08,138743.15625,138743.15625,143248.75,138401.0,140600.0,1123
2025-05-09,137736.65625,137736.65625,138182.90625,135600.0,137000.0,411
2025-05-12,139848.75,139848.75,141439.75,139500.0,141000.0,474
2025-05-13,140437.75,140437.75,141049.953125,139065.84375,140796.453125,222
2025-05-14,141036.296875,141036.296875,141375.0,140438.09375,140850.0,511
2025-05-15,141159.0,141159.0,141886.59375,140900.0,141585.0,172
2025-05-16,140238.296875,140238.296875,142391.046875,140015.0,141370.0,399
2025-05-19,140120.953125,140120.953125,140833.15625,139655.0,140000.0,116
2025-05-20,140241.59375,140241.59375,141199.953125,139575.0,140300.0,118
2025-05-21,142343.546875,142343.546875,142500.0,140564.59375,140999.953125,628
2025-05-22,142358.09375,142358.09375,143095.0,141484.546875,142400.703125,440
2025-05-23,143660.59375,143660.59375,143900.0,141686.046875,142700.0,435
2025-05-26,146668.65625,146668.65625,147401.0,144010.0,144200.0,540
2025-05-27,143991.5,143991.5,146810.203125,143570.0,146500.0,677
2025-05-28,142848.703125,142848.703125,144950.0,141600.0,144950.0,417
2025-05-29,140950.40625,140950.40625,144355.0,139567.09375,142850.046875,700
2025-05-30,138829.09375,138829.09375,141999.953125,137451.703125,141300.0,455
2025-06-02,140667.90625,140667.90625,141169.0,137200.046875,138799.0,417
2025-06-03,138115.0,138115.0,141887.15625,137500.0,141100.0,659
2025-06-04,136097.34375,136097.34375,139168.953125,135800.0,139168.953125,1229
2025-06-05,140506.953125,140506.953125,141148.34375,136800.0,136943.796875,614
2025-06-06,139616.65625,139616.65625,143000.0,138455.0,140506.953125,575
2025-06-09,138602.75,138602.75,141299.953125,138339.296875,139700.0,504
2025-06-10,137891.59375,137891.59375,139100.046875,136526.703125,139100.046875,614
2025-06-11,136886.546875,136886.546875,139499.953125,136560.0,139499.953125,649
2025-06-12,136330.796875,136330.796875,138444.703125,135435.046875,137138.90625,607
2025-06-13,137542.0,137542.0,138099.953125,135435.0,135600.0,277
2025-06-16,136184.25,136184.25,137472.453125,136000.0,136502.25,140
2025-06-17,136326.59375,136326.59375,137500.0,136025.25,136297.0,179
2025-06-18,138054.0,138054.0,138494.90625,135911.0,135911.0,227
2025-06-19,137916.15625,137916.15625,138471.34375,135501.0,135501.0,434
2025-06-20,134448.453125,134448.453125,138800.0,133000.0,138400.0,482
2025-06-23,135553.59375,135553.59375,136448.40625,134448.453125,134448.453125,351
